SampleID,CapShape,CapColor,Odor,GillSpacing,GillColor,StalkShape,RingNumber,Habitat,Population,Class
S0001,flat,gray,foul,crowded,brown,tapering,one,woods,scattered,poisonous
S0002,convex,brown,almond,close,white,tapering,none,grasses,several,edible
S0003,convex,gray,none,distant,black,enlarging,two,leaves,scattered,poisonous
S0004,flat,yellow,none,close,white,enlarging,one,woods,abundant,poisonous
S0005,knobbed,gray,fishy,close,pink,enlarging,one,urban,several,poisonous
S0006,convex,brown,anise,close,pink,tapering,one,grasses,solitary,edible
S0007,convex,gray,almond,close,pink,tapering,one,grasses,several,edible
S0008,convex,brown,none,close,black,enlarging,two,grasses,solitary,edible
S0009,convex,red,anise,close,pink,tapering,one,urban,scattered,poisonous
S0010,convex,white,none,close,pink,enlarging,one,grasses,several,poisonous
S0011,bell,gray,none,close,pink,tapering,one,woods,scattered,edible
S0012,flat,brown,none,crowded,white,tapering,none,urban,solitary,poisonous
S0013,convex,yellow,foul,distant,black,enlarging,one,leaves,solitary,poisonous
S0014,bell,gray,pungent,crowded,brown,tapering,one,urban,several,poisonous
S0015,convex,brown,none,close,brown,tapering,one,woods,scattered,edible
S0016,bell,gray,foul,close,white,tapering,two,paths,several,poisonous
S0017,knobbed,yellow,anise,close,white,tapering,one,urban,scattered,edible
S0018,flat,yellow,foul,close,white,enlarging,one,grasses,solitary,poisonous
S0019,bell,brown,none,close,black,enlarging,one,woods,solitary,edible
S0020,convex,brown,none,close,pink,enlarging,one,woods,solitary,edible
S0021,convex,gray,foul,crowded,black,enlarging,none,paths,several,poisonous
S0022,bell,red,foul,crowded,black,enlarging,one,urban,several,poisonous
S0023,convex,white,anise,close,brown,tapering,one,woods,scattered,edible
S0024,flat,gray,foul,close,brown,tapering,one,grasses,abundant,poisonous
S0025,convex,gray,foul,close,black,enlarging,two,woods,solitary,poisonous
S0026,convex,brown,fishy,close,black,tapering,one,woods,scattered,poisonous
S0027,flat,white,none,close,white,tapering,two,grasses,abundant,edible
S0028,convex,yellow,none,distant,pink,enlarging,none,woods,several,edible
S0029,convex,brown,foul,close,pink,tapering,none,paths,several,poisonous
S0030,convex,brown,foul,close,black,tapering,one,grasses,solitary,poisonous
S0031,bell,gray,almond,crowded,black,enlarging,one,woods,scattered,edible
S0032,convex,white,foul,distant,brown,enlarging,one,leaves,solitary,poisonous
S0033,flat,gray,none,crowded,black,tapering,one,urban,several,edible
S0034,convex,gray,fishy,crowded,green,enlarging,two,grasses,several,poisonous
S0035,flat,brown,almond,crowded,brown,tapering,none,grasses,solitary,edible
S0036,bell,red,foul,crowded,black,tapering,none,woods,solitary,edible
S0037,bell,gray,none,close,brown,tapering,one,woods,solitary,edible
S0038,knobbed,white,almond,close,pink,enlarging,two,woods,solitary,edible
S0039,flat,brown,anise,close,brown,tapering,one,woods,solitary,edible
S0040,convex,gray,none,crowded,green,tapering,none,leaves,scattered,poisonous
S0041,convex,brown,fishy,close,black,tapering,one,leaves,several,poisonous
S0042,convex,gray,none,close,pink,tapering,one,woods,solitary,poisonous
S0043,knobbed,gray,anise,crowded,pink,enlarging,one,paths,several,edible
S0044,bell,yellow,none,close,brown,enlarging,one,paths,solitary,edible
S0045,convex,brown,fishy,close,white,tapering,one,leaves,abundant,poisonous
S0046,flat,white,none,close,white,enlarging,two,woods,several,edible
S0047,convex,gray,foul,close,brown,enlarging,one,grasses,scattered,poisonous
S0048,flat,gray,none,close,black,enlarging,one,grasses,solitary,poisonous
S0049,convex,brown,pungent,crowded,black,tapering,two,grasses,scattered,poisonous
S0050,convex,white,pungent,close,brown,tapering,two,grasses,scattered,poisonous
S0051,flat,brown,none,close,black,tapering,none,grasses,several,poisonous
S0052,convex,gray,pungent,distant,brown,enlarging,one,leaves,solitary,poisonous
S0053,convex,brown,almond,close,black,enlarging,one,grasses,several,edible
S0054,convex,white,almond,close,white,tapering,two,paths,solitary,edible
S0055,convex,gray,none,close,brown,enlarging,one,urban,solitary,edible
S0056,bell,brown,almond,close,brown,tapering,one,woods,abundant,edible
S0057,convex,gray,anise,close,white,tapering,two,urban,solitary,edible
S0058,bell,brown,none,crowded,black,tapering,one,urban,several,poisonous
S0059,convex,yellow,almond,close,pink,tapering,two,grasses,solitary,edible
S0060,bell,brown,none,crowded,green,tapering,one,leaves,scattered,poisonous
S0061,bell,brown,fishy,close,black,enlarging,one,woods,several,poisonous
S0062,bell,white,fishy,close,brown,tapering,two,woods,solitary,poisonous
S0063,convex,gray,none,close,white,enlarging,one,woods,scattered,edible
S0064,knobbed,gray,almond,crowded,white,tapering,one,leaves,scattered,edible
S0065,convex,white,fishy,distant,black,tapering,one,grasses,solitary,poisonous
S0066,convex,white,fishy,close,white,enlarging,one,paths,abundant,poisonous
S0067,bell,brown,none,close,black,enlarging,two,urban,several,poisonous
S0068,bell,gray,foul,close,pink,tapering,one,grasses,solitary,poisonous
S0069,convex,brown,fishy,close,pink,enlarging,none,woods,solitary,poisonous
S0070,convex,white,none,close,pink,enlarging,two,grasses,several,edible
S0071,convex,brown,almond,distant,pink,tapering,one,grasses,solitary,edible
S0072,convex,gray,fishy,close,white,tapering,one,urban,several,poisonous
S0073,convex,brown,pungent,close,pink,enlarging,one,woods,several,poisonous
S0074,convex,yellow,fishy,close,green,enlarging,one,urban,solitary,poisonous
S0075,flat,brown,almond,crowded,pink,enlarging,none,woods,several,edible
S0076,convex,brown,almond,close,pink,enlarging,two,grasses,solitary,edible
S0077,flat,brown,pungent,distant,white,enlarging,one,leaves,scattered,poisonous
S0078,bell,white,anise,close,black,enlarging,one,grasses,scattered,edible
S0079,bell,brown,none,close,white,tapering,one,grasses,scattered,poisonous
S0080,convex,red,foul,crowded,black,tapering,one,urban,several,poisonous
S0081,flat,yellow,none,crowded,black,enlarging,one,grasses,solitary,poisonous
S0082,convex,gray,none,close,brown,tapering,one,paths,several,poisonous
S0083,convex,gray,none,crowded,white,tapering,one,paths,solitary,poisonous
S0084,bell,yellow,almond,crowded,green,tapering,one,paths,solitary,edible
S0085,convex,brown,foul,crowded,black,enlarging,one,woods,abundant,poisonous
S0086,bell,yellow,anise,close,black,tapering,none,urban,scattered,edible
S0087,convex,brown,pungent,distant,green,tapering,one,grasses,solitary,poisonous
S0088,flat,red,none,close,black,enlarging,two,urban,several,edible
S0089,convex,gray,pungent,distant,brown,tapering,one,woods,solitary,poisonous
S0090,convex,gray,foul,close,brown,tapering,one,grasses,solitary,poisonous
S0091,convex,gray,foul,crowded,brown,tapering,one,paths,several,poisonous
S0092,convex,brown,none,crowded,brown,tapering,two,leaves,scattered,poisonous
S0093,bell,gray,pungent,close,pink,tapering,one,woods,solitary,poisonous
S0094,convex,gray,none,close,white,tapering,one,urban,scattered,poisonous
S0095,flat,white,foul,close,pink,tapering,one,woods,solitary,edible
S0096,convex,red,foul,close,green,tapering,one,grasses,abundant,poisonous
S0097,knobbed,gray,foul,close,black,enlarging,two,urban,several,poisonous
S0098,bell,white,almond,close,black,tapering,one,grasses,scattered,edible
S0099,convex,red,almond,crowded,brown,tapering,two,paths,solitary,edible
S0100,flat,yellow,anise,distant,brown,enlarging,two,woods,scattered,edible
S0101,convex,brown,pungent,close,white,tapering,one,urban,several,poisonous
S0102,convex,white,almond,crowded,green,enlarging,one,leaves,solitary,poisonous
S0103,convex,yellow,fishy,close,black,enlarging,one,urban,solitary,poisonous
S0104,convex,brown,fishy,crowded,brown,tapering,two,woods,solitary,poisonous
S0105,flat,white,none,distant,brown,tapering,two,woods,solitary,edible
S0106,bell,yellow,almond,distant,black,tapering,two,woods,abundant,edible
S0107,convex,brown,none,distant,green,enlarging,one,grasses,scattered,poisonous
S0108,knobbed,red,pungent,crowded,white,tapering,one,grasses,solitary,poisonous
S0109,convex,brown,none,close,brown,tapering,two,grasses,solitary,poisonous
S0110,bell,red,pungent,close,white,enlarging,one,woods,solitary,poisonous
S0111,convex,brown,almond,close,white,tapering,one,grasses,scattered,edible
S0112,convex,white,none,close,black,tapering,one,woods,scattered,edible
S0113,flat,white,almond,close,black,tapering,one,grasses,scattered,edible
S0114,convex,red,pungent,crowded,brown,tapering,one,grasses,scattered,poisonous
S0115,flat,gray,none,close,pink,tapering,two,paths,scattered,poisonous
S0116,flat,red,none,close,black,tapering,one,woods,solitary,edible
S0117,flat,brown,foul,crowded,brown,enlarging,one,leaves,scattered,poisonous
S0118,knobbed,brown,anise,crowded,brown,tapering,one,paths,several,poisonous
S0119,bell,red,none,close,white,enlarging,one,woods,several,edible
S0120,convex,red,none,close,white,tapering,one,grasses,several,edible
S0121,flat,brown,pungent,close,white,enlarging,one,leaves,scattered,poisonous
S0122,flat,brown,none,close,white,tapering,one,woods,scattered,edible
S0123,flat,brown,anise,close,green,enlarging,one,paths,several,edible
S0124,convex,white,none,crowded,brown,tapering,one,woods,solitary,poisonous
S0125,convex,yellow,fishy,close,black,tapering,one,paths,solitary,edible
S0126,knobbed,yellow,almond,distant,brown,tapering,two,woods,solitary,edible
S0127,bell,red,anise,distant,brown,tapering,one,grasses,scattered,edible
S0128,convex,brown,anise,close,brown,enlarging,one,woods,solitary,edible
S0129,bell,red,anise,crowded,white,tapering,two,woods,abundant,poisonous
S0130,convex,yellow,none,close,brown,enlarging,one,grasses,solitary,poisonous
S0131,convex,yellow,foul,close,brown,enlarging,one,leaves,solitary,poisonous
S0132,bell,gray,anise,crowded,brown,tapering,two,woods,abundant,edible
S0133,convex,white,foul,close,brown,enlarging,one,woods,scattered,edible
S0134,convex,white,anise,close,brown,tapering,two,woods,scattered,edible
S0135,convex,red,none,crowded,brown,tapering,two,leaves,solitary,edible
S0136,convex,white,pungent,distant,white,enlarging,one,leaves,several,poisonous
S0137,bell,brown,foul,close,brown,tapering,one,grasses,abundant,poisonous
S0138,knobbed,brown,anise,crowded,pink,tapering,one,urban,solitary,poisonous
S0139,convex,white,none,distant,brown,enlarging,two,woods,scattered,edible
S0140,convex,white,none,close,pink,enlarging,one,urban,scattered,edible
S0141,convex,white,almond,close,white,enlarging,one,grasses,scattered,poisonous
S0142,convex,brown,none,crowded,black,tapering,one,grasses,several,poisonous
S0143,convex,brown,almond,close,black,tapering,one,grasses,several,edible
S0144,convex,yellow,fishy,distant,brown,enlarging,one,woods,solitary,poisonous
S0145,knobbed,gray,foul,close,black,enlarging,one,paths,several,poisonous
S0146,flat,brown,foul,crowded,black,tapering,one,leaves,solitary,poisonous
S0147,convex,brown,none,distant,white,tapering,one,paths,several,poisonous
S0148,flat,white,anise,close,brown,tapering,one,grasses,solitary,edible
S0149,convex,gray,none,close,black,tapering,one,woods,scattered,edible
S0150,flat,yellow,none,close,white,enlarging,none,grasses,scattered,poisonous
S0151,convex,gray,none,close,black,tapering,two,leaves,several,poisonous
S0152,convex,brown,none,close,pink,enlarging,one,grasses,several,edible
S0153,convex,brown,none,close,black,enlarging,one,woods,abundant,edible
S0154,bell,gray,almond,crowded,pink,tapering,one,grasses,scattered,edible
S0155,knobbed,gray,foul,close,black,enlarging,one,paths,several,poisonous
S0156,flat,brown,none,distant,brown,tapering,one,leaves,solitary,edible
S0157,flat,white,none,crowded,black,tapering,one,grasses,solitary,edible
S0158,bell,yellow,none,crowded,white,enlarging,none,woods,several,poisonous
S0159,knobbed,gray,fishy,crowded,pink,tapering,one,woods,solitary,poisonous
S0160,flat,brown,foul,crowded,brown,tapering,one,woods,solitary,poisonous
S0161,flat,yellow,none,crowded,pink,tapering,one,woods,solitary,poisonous
S0162,flat,red,foul,close,pink,tapering,none,woods,abundant,poisonous
S0163,convex,brown,anise,distant,black,tapering,one,woods,several,edible
S0164,convex,gray,pungent,crowded,pink,tapering,two,grasses,scattered,poisonous
S0165,knobbed,red,none,close,white,enlarging,one,woods,several,poisonous
S0166,convex,yellow,fishy,close,black,tapering,one,grasses,several,edible
S0167,convex,gray,anise,close,black,tapering,none,woods,several,edible
S0168,convex,brown,foul,crowded,white,enlarging,one,grasses,scattered,poisonous
S0169,flat,brown,none,close,white,tapering,one,paths,abundant,poisonous
S0170,bell,white,foul,crowded,black,enlarging,one,grasses,solitary,poisonous
S0171,bell,red,anise,close,brown,tapering,one,woods,solitary,edible
S0172,flat,brown,pungent,close,white,enlarging,one,woods,abundant,poisonous
S0173,flat,brown,anise,crowded,black,tapering,one,woods,solitary,edible
S0174,convex,brown,none,crowded,brown,enlarging,two,grasses,solitary,poisonous
S0175,flat,gray,fishy,close,pink,tapering,two,woods,scattered,poisonous
S0176,flat,red,none,crowded,green,enlarging,one,grasses,several,poisonous
S0177,flat,red,foul,close,pink,enlarging,two,leaves,several,poisonous
S0178,bell,brown,none,crowded,pink,enlarging,one,urban,solitary,edible
S0179,convex,yellow,almond,crowded,brown,tapering,two,grasses,several,edible
S0180,convex,white,fishy,distant,pink,tapering,one,woods,several,poisonous
S0181,flat,gray,none,close,white,tapering,one,woods,several,poisonous
S0182,convex,red,anise,close,black,enlarging,one,urban,abundant,edible
S0183,flat,gray,fishy,crowded,black,tapering,one,paths,solitary,poisonous
S0184,convex,gray,foul,close,brown,tapering,one,grasses,solitary,poisonous
S0185,convex,yellow,foul,close,white,tapering,one,urban,solitary,edible
S0186,flat,white,foul,close,brown,tapering,one,woods,several,poisonous
S0187,bell,white,pungent,crowded,black,enlarging,one,grasses,abundant,poisonous
S0188,convex,white,pungent,close,black,tapering,one,grasses,scattered,edible
S0189,convex,white,none,close,brown,enlarging,one,leaves,abundant,poisonous
S0190,convex,brown,none,close,pink,enlarging,one,leaves,solitary,poisonous
S0191,flat,yellow,none,crowded,black,tapering,one,woods,solitary,poisonous
S0192,convex,brown,none,distant,black,tapering,one,woods,solitary,poisonous
S0193,flat,brown,foul,crowded,black,tapering,one,urban,several,poisonous
S0194,knobbed,yellow,foul,distant,brown,tapering,two,leaves,abundant,poisonous
S0195,flat,white,foul,crowded,green,tapering,two,woods,scattered,poisonous
S0196,knobbed,gray,none,crowded,pink,enlarging,one,grasses,several,poisonous
S0197,bell,red,foul,distant,white,tapering,one,urban,scattered,poisonous
S0198,knobbed,brown,pungent,crowded,white,tapering,two,grasses,several,poisonous
S0199,convex,gray,almond,crowded,black,tapering,one,grasses,several,edible
S0200,convex,red,almond,close,white,enlarging,two,grasses,solitary,edible
S0201,flat,gray,almond,distant,pink,tapering,one,grasses,several,edible
S0202,knobbed,yellow,pungent,close,black,enlarging,one,woods,several,poisonous
S0203,flat,brown,foul,close,brown,tapering,one,leaves,several,poisonous
S0204,bell,gray,almond,close,white,enlarging,two,urban,scattered,edible
S0205,flat,brown,none,crowded,white,enlarging,two,leaves,several,edible
S0206,convex,gray,foul,close,pink,tapering,one,urban,scattered,poisonous
S0207,flat,gray,none,crowded,black,enlarging,one,woods,scattered,poisonous
S0208,convex,white,none,close,pink,tapering,one,woods,solitary,edible
S0209,convex,brown,foul,close,brown,tapering,one,grasses,scattered,edible
S0210,flat,red,almond,crowded,green,tapering,one,woods,abundant,edible
S0211,bell,gray,none,close,black,enlarging,one,paths,scattered,edible
S0212,flat,yellow,none,crowded,brown,enlarging,one,grasses,several,poisonous
S0213,convex,brown,none,close,black,tapering,none,leaves,solitary,poisonous
S0214,convex,brown,fishy,distant,brown,enlarging,one,grasses,scattered,poisonous
S0215,bell,brown,anise,close,brown,enlarging,none,paths,solitary,edible
S0216,flat,gray,foul,close,pink,tapering,one,woods,scattered,edible
S0217,convex,red,anise,close,pink,enlarging,two,paths,several,poisonous
S0218,flat,brown,almond,crowded,white,tapering,none,grasses,several,edible
S0219,flat,brown,none,close,black,enlarging,one,grasses,scattered,poisonous
S0220,knobbed,white,foul,crowded,white,enlarging,one,grasses,scattered,poisonous
S0221,flat,red,foul,close,brown,enlarging,none,woods,scattered,poisonous
S0222,bell,brown,none,close,white,tapering,one,grasses,solitary,edible
S0223,flat,yellow,anise,crowded,black,enlarging,one,woods,solitary,edible
S0224,convex,brown,pungent,crowded,brown,tapering,one,woods,solitary,poisonous
S0225,bell,gray,almond,crowded,white,tapering,one,woods,several,edible
S0226,bell,yellow,pungent,close,black,tapering,one,grasses,abundant,poisonous
S0227,bell,brown,foul,close,black,tapering,one,grasses,scattered,poisonous
S0228,flat,brown,none,close,black,tapering,one,woods,solitary,poisonous
S0229,flat,gray,none,close,brown,enlarging,two,paths,abundant,poisonous
S0230,flat,yellow,pungent,close,white,tapering,one,paths,solitary,poisonous
S0231,convex,gray,none,close,black,tapering,two,paths,several,poisonous
S0232,convex,yellow,foul,close,brown,enlarging,one,woods,solitary,poisonous
S0233,convex,yellow,almond,crowded,white,enlarging,one,paths,scattered,edible
S0234,knobbed,red,none,close,brown,tapering,one,grasses,abundant,poisonous
S0235,flat,white,foul,close,black,enlarging,one,leaves,abundant,poisonous
S0236,convex,brown,pungent,close,white,tapering,two,grasses,solitary,edible
S0237,convex,yellow,foul,close,pink,enlarging,two,grasses,several,poisonous
S0238,flat,brown,none,close,white,enlarging,one,grasses,abundant,edible
S0239,convex,red,pungent,close,green,enlarging,one,paths,several,poisonous
S0240,flat,brown,foul,crowded,black,tapering,one,leaves,solitary,poisonous
S0241,knobbed,brown,almond,close,white,enlarging,one,woods,scattered,edible
S0242,knobbed,white,fishy,close,black,enlarging,one,urban,several,poisonous
S0243,bell,white,foul,distant,pink,tapering,none,woods,scattered,poisonous
S0244,convex,brown,almond,close,black,enlarging,one,leaves,several,edible
S0245,convex,red,none,crowded,pink,tapering,one,grasses,several,edible
S0246,convex,red,fishy,crowded,white,enlarging,one,urban,solitary,poisonous
S0247,convex,white,almond,close,brown,enlarging,one,woods,several,edible
S0248,flat,yellow,pungent,close,brown,tapering,one,urban,solitary,poisonous
S0249,convex,brown,foul,crowded,brown,enlarging,two,urban,solitary,poisonous
S0250,convex,white,almond,close,black,enlarging,one,woods,solitary,edible
S0251,flat,yellow,foul,distant,green,tapering,one,urban,solitary,poisonous
S0252,convex,gray,foul,close,white,enlarging,two,grasses,several,poisonous
S0253,convex,brown,foul,crowded,brown,enlarging,one,woods,several,poisonous
S0254,convex,gray,none,close,pink,tapering,one,paths,abundant,poisonous
S0255,flat,red,foul,crowded,black,tapering,one,grasses,scattered,edible
S0256,convex,red,foul,distant,brown,enlarging,one,paths,abundant,poisonous
S0257,convex,gray,foul,close,white,enlarging,two,grasses,solitary,poisonous
S0258,knobbed,brown,none,crowded,pink,enlarging,two,woods,scattered,poisonous
S0259,flat,brown,none,close,pink,enlarging,two,grasses,scattered,edible
S0260,flat,gray,none,close,white,tapering,two,grasses,scattered,edible
S0261,convex,brown,almond,close,white,enlarging,one,paths,solitary,poisonous
S0262,flat,red,fishy,crowded,pink,tapering,one,urban,scattered,poisonous
S0263,knobbed,yellow,foul,close,black,tapering,one,paths,scattered,poisonous
S0264,flat,brown,none,crowded,white,tapering,one,grasses,scattered,edible
S0265,bell,brown,foul,close,white,tapering,one,woods,several,poisonous
S0266,flat,yellow,pungent,close,brown,tapering,two,grasses,several,poisonous
S0267,flat,gray,pungent,crowded,white,tapering,one,grasses,several,edible
S0268,convex,brown,none,close,white,enlarging,one,woods,abundant,poisonous
S0269,flat,white,anise,close,white,enlarging,one,woods,several,poisonous
S0270,flat,yellow,foul,close,black,tapering,two,paths,several,poisonous
S0271,flat,red,none,close,brown,tapering,one,urban,abundant,poisonous
S0272,bell,gray,pungent,close,pink,enlarging,one,paths,several,poisonous
S0273,convex,white,almond,close,pink,tapering,two,woods,solitary,edible
S0274,convex,brown,almond,close,brown,enlarging,one,woods,abundant,edible
S0275,flat,white,none,close,white,enlarging,none,grasses,several,poisonous
S0276,bell,white,anise,crowded,black,enlarging,one,woods,solitary,poisonous
S0277,flat,brown,none,close,black,tapering,one,paths,solitary,edible
S0278,convex,red,foul,distant,black,tapering,one,woods,several,poisonous
S0279,bell,brown,foul,close,green,tapering,one,paths,several,poisonous
S0280,convex,brown,none,close,white,enlarging,one,woods,several,edible
S0281,bell,gray,foul,distant,brown,tapering,one,woods,scattered,poisonous
S0282,bell,brown,anise,close,white,tapering,two,urban,several,edible
S0283,convex,gray,anise,close,black,enlarging,one,grasses,several,edible
S0284,convex,gray,foul,crowded,pink,tapering,two,grasses,scattered,poisonous
S0285,flat,white,none,crowded,black,tapering,two,grasses,several,edible
S0286,convex,white,none,close,pink,tapering,one,urban,several,edible
S0287,convex,white,almond,crowded,black,tapering,one,paths,scattered,edible
S0288,convex,yellow,none,close,black,tapering,two,grasses,abundant,edible
S0289,convex,yellow,almond,distant,black,enlarging,one,urban,scattered,edible
S0290,knobbed,gray,almond,close,pink,tapering,one,paths,several,edible
S0291,flat,yellow,foul,close,black,tapering,none,grasses,several,poisonous
S0292,bell,brown,foul,crowded,brown,enlarging,one,grasses,several,poisonous
S0293,flat,gray,anise,close,white,tapering,one,woods,scattered,poisonous
S0294,convex,red,pungent,crowded,white,tapering,one,grasses,scattered,poisonous
S0295,flat,yellow,none,crowded,white,tapering,two,urban,several,poisonous
S0296,flat,yellow,almond,crowded,pink,tapering,one,grasses,scattered,edible
S0297,convex,gray,almond,close,green,enlarging,two,woods,solitary,edible
S0298,bell,brown,almond,close,white,tapering,one,leaves,solitary,edible
S0299,convex,white,none,crowded,pink,tapering,one,grasses,solitary,edible
S0300,knobbed,white,none,close,pink,enlarging,one,paths,solitary,poisonous
S0301,flat,white,none,close,white,enlarging,one,urban,abundant,edible
S0302,knobbed,gray,fishy,close,black,tapering,two,woods,several,poisonous
S0303,flat,brown,none,close,white,enlarging,one,woods,scattered,edible
S0304,convex,red,pungent,close,brown,tapering,one,grasses,solitary,poisonous
S0305,flat,brown,none,distant,pink,enlarging,one,paths,abundant,edible
S0306,knobbed,brown,none,close,white,enlarging,two,grasses,solitary,edible
S0307,convex,white,anise,close,brown,enlarging,none,woods,several,edible
S0308,bell,white,foul,close,black,enlarging,one,grasses,scattered,poisonous
S0309,convex,white,foul,close,black,tapering,none,grasses,solitary,poisonous
S0310,bell,gray,none,close,brown,enlarging,one,woods,solitary,edible
S0311,bell,brown,none,crowded,pink,tapering,two,grasses,several,poisonous
S0312,bell,white,foul,close,black,tapering,two,grasses,solitary,poisonous
S0313,convex,gray,none,close,pink,enlarging,one,urban,solitary,poisonous
S0314,bell,yellow,none,close,black,enlarging,two,paths,several,edible
S0315,convex,red,pungent,crowded,pink,tapering,two,urban,several,poisonous
S0316,bell,red,anise,close,white,tapering,one,grasses,several,edible
S0317,flat,brown,none,distant,white,enlarging,one,woods,solitary,poisonous
S0318,bell,red,none,close,black,enlarging,two,woods,several,poisonous
S0319,convex,white,almond,close,green,enlarging,one,grasses,solitary,edible
S0320,convex,brown,pungent,close,black,tapering,one,woods,scattered,poisonous
S0321,flat,red,almond,close,pink,tapering,one,woods,solitary,edible
S0322,convex,yellow,none,close,white,tapering,one,woods,solitary,edible
S0323,convex,white,fishy,close,brown,enlarging,one,woods,several,poisonous
S0324,convex,brown,anise,close,pink,enlarging,one,urban,solitary,edible
S0325,bell,red,none,close,brown,enlarging,one,woods,several,poisonous
S0326,convex,white,almond,crowded,pink,tapering,none,urban,several,edible
S0327,convex,gray,foul,distant,white,enlarging,one,paths,scattered,poisonous
S0328,flat,brown,pungent,crowded,pink,tapering,none,leaves,abundant,poisonous
S0329,flat,gray,foul,crowded,black,tapering,one,urban,several,poisonous
S0330,convex,white,none,close,white,enlarging,one,paths,solitary,poisonous
S0331,convex,yellow,almond,close,white,enlarging,one,woods,abundant,edible
S0332,convex,yellow,none,close,black,tapering,one,urban,several,poisonous
S0333,knobbed,red,foul,crowded,white,tapering,two,paths,several,poisonous
S0334,convex,yellow,none,close,brown,tapering,one,woods,several,poisonous
S0335,flat,red,almond,close,white,tapering,one,woods,abundant,edible
S0336,knobbed,white,none,close,white,tapering,one,grasses,solitary,poisonous
S0337,convex,white,none,crowded,white,enlarging,one,grasses,scattered,poisonous
S0338,convex,gray,foul,distant,pink,enlarging,two,woods,several,poisonous
S0339,flat,gray,foul,close,pink,tapering,one,grasses,several,poisonous
S0340,convex,gray,none,close,brown,tapering,one,paths,several,edible
S0341,flat,yellow,anise,close,white,enlarging,one,urban,scattered,edible
S0342,knobbed,gray,pungent,close,brown,enlarging,one,leaves,several,poisonous
S0343,convex,brown,none,close,black,enlarging,one,paths,several,poisonous
S0344,convex,yellow,none,close,green,enlarging,one,grasses,several,poisonous
S0345,bell,brown,almond,close,brown,enlarging,two,grasses,solitary,edible
S0346,flat,gray,none,distant,black,tapering,one,grasses,several,edible
S0347,bell,gray,foul,distant,white,tapering,two,woods,several,poisonous
S0348,convex,yellow,pungent,crowded,black,enlarging,one,leaves,several,poisonous
S0349,bell,red,none,distant,white,enlarging,one,paths,solitary,poisonous
S0350,flat,white,almond,distant,black,tapering,one,urban,solitary,edible
S0351,convex,white,almond,close,brown,tapering,none,woods,solitary,poisonous
S0352,bell,brown,foul,close,pink,enlarging,one,woods,several,poisonous
S0353,convex,yellow,anise,close,pink,tapering,one,paths,scattered,edible
S0354,flat,gray,none,close,black,enlarging,one,grasses,several,poisonous
S0355,flat,gray,none,close,brown,enlarging,one,paths,scattered,poisonous
S0356,convex,brown,almond,close,white,enlarging,one,woods,several,poisonous
S0357,convex,gray,fishy,crowded,black,tapering,one,woods,scattered,poisonous
S0358,convex,gray,none,distant,pink,tapering,one,leaves,scattered,poisonous
S0359,convex,gray,fishy,close,pink,tapering,one,grasses,solitary,poisonous
S0360,convex,brown,none,crowded,pink,enlarging,one,grasses,several,poisonous
S0361,flat,white,foul,crowded,pink,tapering,one,paths,several,poisonous
S0362,convex,brown,none,crowded,white,enlarging,one,grasses,solitary,poisonous
S0363,convex,white,anise,close,brown,tapering,one,woods,scattered,edible
S0364,flat,gray,none,close,pink,tapering,two,paths,scattered,edible
S0365,convex,brown,none,distant,pink,enlarging,one,woods,several,poisonous
S0366,flat,brown,none,close,brown,tapering,two,grasses,solitary,poisonous
S0367,flat,gray,fishy,close,white,tapering,one,woods,solitary,poisonous
S0368,flat,gray,anise,close,brown,tapering,none,paths,several,edible
S0369,flat,brown,none,crowded,brown,enlarging,none,leaves,scattered,poisonous
S0370,convex,white,none,close,brown,enlarging,two,grasses,solitary,edible
S0371,knobbed,brown,fishy,crowded,green,enlarging,two,grasses,solitary,poisonous
S0372,convex,yellow,none,crowded,black,tapering,one,leaves,solitary,edible
S0373,convex,yellow,almond,crowded,black,enlarging,one,woods,solitary,edible
S0374,bell,gray,almond,close,brown,tapering,one,woods,solitary,edible
S0375,knobbed,red,fishy,crowded,white,enlarging,one,paths,scattered,poisonous
S0376,convex,gray,none,crowded,pink,tapering,one,woods,solitary,edible
S0377,flat,white,anise,crowded,pink,enlarging,one,paths,several,edible
S0378,bell,white,none,close,green,enlarging,two,paths,several,poisonous
S0379,convex,gray,none,close,green,enlarging,none,paths,solitary,poisonous
S0380,flat,red,none,close,black,enlarging,one,woods,solitary,poisonous
S0381,knobbed,red,none,crowded,white,enlarging,one,grasses,several,edible
S0382,flat,white,pungent,close,black,tapering,one,woods,scattered,poisonous
S0383,flat,brown,none,close,pink,tapering,one,grasses,several,edible
S0384,bell,brown,none,close,brown,enlarging,one,leaves,solitary,edible
S0385,convex,red,foul,distant,brown,enlarging,one,woods,several,poisonous
S0386,convex,brown,none,close,black,tapering,one,woods,solitary,edible
S0387,convex,brown,fishy,distant,pink,enlarging,one,woods,solitary,poisonous
S0388,bell,white,none,close,brown,tapering,one,grasses,solitary,edible
S0389,bell,white,almond,close,brown,tapering,one,grasses,scattered,edible
S0390,convex,yellow,anise,crowded,white,enlarging,one,woods,several,edible
S0391,bell,yellow,anise,close,brown,enlarging,one,woods,several,edible
S0392,flat,white,none,crowded,black,tapering,one,woods,solitary,poisonous
S0393,convex,red,foul,close,pink,enlarging,one,grasses,scattered,poisonous
S0394,flat,yellow,none,crowded,pink,enlarging,one,grasses,several,edible
S0395,convex,brown,anise,crowded,pink,tapering,one,woods,scattered,edible
S0396,convex,brown,none,close,brown,tapering,one,paths,abundant,edible
S0397,convex,gray,foul,close,brown,tapering,none,grasses,solitary,poisonous
S0398,convex,red,none,close,white,tapering,one,woods,scattered,edible
S0399,convex,brown,foul,distant,brown,tapering,one,grasses,scattered,poisonous
S0400,flat,brown,anise,crowded,brown,tapering,two,grasses,solitary,edible
S0401,convex,red,foul,close,black,enlarging,one,grasses,solitary,poisonous
S0402,flat,brown,foul,close,brown,tapering,one,urban,several,poisonous
S0403,flat,yellow,almond,close,black,tapering,one,woods,solitary,edible
S0404,flat,yellow,none,close,pink,tapering,one,paths,several,edible
S0405,flat,red,almond,close,green,tapering,one,urban,several,edible
S0406,knobbed,gray,pungent,crowded,white,enlarging,one,woods,scattered,poisonous
S0407,bell,gray,almond,close,pink,tapering,one,woods,scattered,edible
S0408,convex,red,none,distant,black,enlarging,one,woods,several,edible
S0409,flat,yellow,foul,distant,white,tapering,one,woods,solitary,poisonous
S0410,convex,yellow,fishy,close,pink,enlarging,one,woods,several,poisonous
S0411,convex,yellow,none,close,brown,tapering,one,paths,solitary,poisonous
S0412,convex,gray,none,close,black,enlarging,none,grasses,abundant,poisonous
S0413,knobbed,red,almond,crowded,black,tapering,one,woods,several,edible
S0414,convex,white,none,crowded,brown,enlarging,one,paths,several,poisonous
S0415,flat,white,foul,close,brown,enlarging,one,grasses,several,poisonous
S0416,flat,white,foul,close,brown,enlarging,one,paths,solitary,poisonous
S0417,bell,yellow,almond,close,pink,tapering,one,woods,abundant,edible
S0418,flat,white,none,close,brown,tapering,two,woods,scattered,edible
S0419,convex,brown,foul,crowded,brown,enlarging,one,urban,solitary,poisonous
S0420,convex,gray,none,crowded,white,enlarging,two,paths,several,edible
S0421,knobbed,red,foul,close,pink,tapering,one,grasses,several,poisonous
S0422,knobbed,brown,none,crowded,pink,tapering,one,woods,abundant,edible
S0423,convex,gray,none,crowded,white,tapering,one,woods,abundant,poisonous
S0424,flat,gray,none,close,black,tapering,one,woods,several,edible
S0425,flat,brown,pungent,close,white,enlarging,one,woods,solitary,poisonous
S0426,bell,brown,pungent,close,brown,tapering,one,woods,solitary,edible
S0427,convex,white,almond,close,white,enlarging,one,woods,scattered,edible
S0428,bell,yellow,none,crowded,white,enlarging,one,grasses,several,poisonous
S0429,flat,white,none,close,white,enlarging,one,leaves,scattered,edible
S0430,convex,brown,anise,distant,white,enlarging,one,grasses,solitary,edible
S0431,bell,gray,none,close,black,tapering,one,urban,abundant,edible
S0432,knobbed,yellow,almond,close,black,tapering,one,leaves,scattered,edible
S0433,convex,red,none,distant,brown,enlarging,one,leaves,several,poisonous
S0434,flat,white,anise,close,pink,tapering,two,woods,several,edible
S0435,convex,gray,fishy,crowded,brown,enlarging,one,leaves,scattered,poisonous
S0436,flat,gray,pungent,close,green,tapering,one,leaves,several,poisonous
S0437,flat,white,foul,close,black,tapering,one,urban,several,poisonous
S0438,convex,gray,foul,crowded,black,enlarging,one,woods,solitary,poisonous
S0439,bell,yellow,almond,close,black,tapering,one,grasses,scattered,edible
S0440,convex,white,foul,close,white,tapering,one,woods,several,poisonous
S0441,flat,yellow,anise,close,brown,tapering,two,grasses,scattered,edible
S0442,convex,white,foul,close,pink,tapering,one,woods,scattered,poisonous
S0443,knobbed,white,anise,crowded,white,enlarging,one,grasses,solitary,edible
S0444,flat,gray,none,distant,white,tapering,one,grasses,solitary,poisonous
S0445,convex,brown,foul,close,white,tapering,two,grasses,several,poisonous
S0446,knobbed,brown,almond,crowded,pink,enlarging,one,woods,several,edible
S0447,convex,yellow,pungent,close,white,tapering,two,paths,abundant,poisonous
S0448,flat,gray,none,close,black,enlarging,one,woods,solitary,poisonous
S0449,knobbed,brown,none,close,white,tapering,one,grasses,solitary,edible
S0450,convex,white,none,close,brown,enlarging,none,woods,several,edible
S0451,convex,white,anise,close,brown,tapering,one,woods,solitary,edible
S0452,flat,white,pungent,close,brown,enlarging,one,woods,several,poisonous
S0453,bell,brown,pungent,crowded,green,enlarging,one,woods,scattered,poisonous
S0454,convex,brown,none,close,pink,tapering,none,urban,several,edible
S0455,bell,brown,almond,crowded,black,enlarging,one,grasses,scattered,edible
S0456,flat,red,fishy,close,white,enlarging,one,urban,solitary,poisonous
S0457,convex,gray,pungent,close,black,tapering,one,woods,abundant,poisonous
S0458,convex,white,none,close,white,tapering,one,paths,scattered,edible
S0459,convex,gray,none,distant,brown,tapering,one,woods,scattered,edible
S0460,flat,yellow,anise,close,brown,tapering,one,urban,scattered,edible
S0461,convex,gray,none,close,black,tapering,one,woods,scattered,poisonous
S0462,convex,brown,none,close,pink,enlarging,one,woods,solitary,edible
S0463,convex,white,foul,close,green,tapering,two,leaves,scattered,poisonous
S0464,bell,yellow,none,distant,brown,tapering,one,leaves,several,poisonous
S0465,knobbed,brown,anise,close,green,tapering,two,woods,scattered,edible
S0466,flat,gray,almond,crowded,white,tapering,one,paths,abundant,edible
S0467,convex,brown,none,close,pink,tapering,two,urban,several,edible
S0468,flat,gray,none,close,pink,tapering,two,leaves,several,edible
S0469,flat,brown,almond,crowded,black,tapering,one,woods,scattered,poisonous
S0470,bell,red,none,close,white,tapering,one,woods,several,edible
S0471,convex,yellow,anise,crowded,pink,tapering,two,woods,several,edible
S0472,convex,white,fishy,close,pink,tapering,two,paths,solitary,poisonous
S0473,flat,brown,fishy,close,pink,enlarging,one,paths,abundant,poisonous
S0474,convex,white,anise,crowded,white,tapering,two,paths,scattered,edible
S0475,flat,yellow,none,close,brown,tapering,two,woods,scattered,edible
S0476,convex,gray,pungent,distant,pink,enlarging,one,grasses,solitary,poisonous
S0477,flat,white,anise,close,brown,enlarging,one,grasses,solitary,edible
S0478,flat,brown,foul,close,black,tapering,two,woods,several,poisonous
S0479,convex,brown,foul,close,pink,tapering,one,leaves,abundant,poisonous
S0480,bell,yellow,none,crowded,brown,enlarging,one,grasses,several,poisonous
S0481,knobbed,brown,none,crowded,black,tapering,one,paths,several,poisonous
S0482,convex,white,none,close,white,tapering,one,woods,several,edible
S0483,flat,yellow,none,crowded,white,enlarging,one,woods,several,edible
S0484,bell,yellow,pungent,close,brown,enlarging,two,urban,scattered,poisonous
S0485,convex,brown,fishy,crowded,black,enlarging,one,grasses,several,poisonous
S0486,bell,gray,almond,close,black,tapering,one,grasses,several,edible
S0487,convex,brown,none,close,brown,tapering,none,leaves,abundant,poisonous
S0488,bell,brown,none,crowded,white,enlarging,one,woods,solitary,edible
S0489,bell,red,fishy,crowded,pink,tapering,two,grasses,solitary,poisonous
S0490,flat,brown,fishy,distant,black,tapering,one,grasses,solitary,poisonous
S0491,flat,yellow,none,close,brown,tapering,one,grasses,solitary,poisonous
S0492,convex,yellow,anise,close,pink,enlarging,one,paths,several,edible
S0493,flat,brown,almond,close,pink,tapering,none,grasses,scattered,edible
S0494,convex,white,none,close,pink,tapering,one,urban,solitary,edible
S0495,convex,yellow,foul,crowded,white,tapering,one,woods,several,poisonous
S0496,knobbed,red,none,close,brown,tapering,one,woods,several,edible
S0497,knobbed,yellow,fishy,distant,white,tapering,one,woods,abundant,poisonous
S0498,convex,gray,almond,close,brown,enlarging,two,woods,abundant,poisonous
S0499,convex,brown,foul,crowded,black,enlarging,none,woods,solitary,poisonous
S0500,bell,yellow,anise,close,black,enlarging,two,paths,solitary,poisonous
S0501,convex,red,foul,distant,black,enlarging,one,grasses,several,poisonous
S0502,knobbed,yellow,almond,close,green,enlarging,one,paths,scattered,edible
S0503,convex,red,foul,crowded,pink,enlarging,one,leaves,scattered,poisonous
S0504,flat,gray,none,close,green,tapering,one,woods,several,edible
S0505,bell,brown,none,distant,white,enlarging,none,grasses,several,poisonous
S0506,flat,white,anise,close,black,enlarging,one,grasses,several,poisonous
S0507,knobbed,gray,none,crowded,pink,tapering,one,woods,several,edible
S0508,bell,gray,fishy,close,pink,tapering,one,paths,scattered,poisonous
S0509,flat,yellow,none,crowded,white,tapering,one,woods,abundant,poisonous
S0510,flat,brown,none,close,brown,tapering,one,grasses,solitary,poisonous
S0511,flat,yellow,none,close,white,enlarging,one,paths,scattered,poisonous
S0512,bell,red,almond,distant,brown,tapering,one,paths,solitary,poisonous
S0513,flat,gray,none,crowded,black,tapering,one,grasses,several,poisonous
S0514,convex,yellow,almond,close,white,enlarging,one,grasses,solitary,edible
S0515,convex,white,foul,distant,white,tapering,one,urban,solitary,poisonous
S0516,flat,red,none,close,brown,tapering,none,woods,several,poisonous
S0517,convex,red,none,close,black,tapering,two,woods,solitary,poisonous
S0518,convex,brown,none,close,pink,tapering,two,grasses,several,edible
S0519,flat,red,none,close,pink,tapering,one,woods,solitary,edible
S0520,convex,white,almond,close,brown,tapering,one,woods,several,edible
S0521,convex,yellow,none,crowded,white,tapering,one,grasses,several,poisonous
S0522,convex,brown,none,close,brown,enlarging,one,paths,abundant,edible
S0523,flat,white,fishy,close,black,tapering,two,leaves,several,poisonous
S0524,convex,white,fishy,close,white,tapering,one,grasses,abundant,edible
S0525,flat,brown,none,crowded,brown,tapering,one,grasses,solitary,poisonous
S0526,knobbed,gray,foul,crowded,white,enlarging,one,woods,abundant,poisonous
S0527,flat,gray,anise,close,black,tapering,two,grasses,scattered,edible
S0528,flat,red,pungent,crowded,white,tapering,one,grasses,several,poisonous
S0529,convex,white,none,close,brown,tapering,one,leaves,several,poisonous
S0530,flat,yellow,foul,close,pink,tapering,one,woods,several,poisonous
S0531,knobbed,red,foul,crowded,brown,enlarging,one,woods,several,poisonous
S0532,knobbed,white,pungent,close,white,tapering,one,grasses,solitary,poisonous
S0533,convex,white,pungent,crowded,brown,enlarging,none,leaves,scattered,poisonous
S0534,flat,gray,foul,crowded,pink,enlarging,one,urban,several,poisonous
S0535,convex,white,none,close,pink,enlarging,two,leaves,scattered,edible
S0536,flat,red,foul,close,black,tapering,one,grasses,several,poisonous
S0537,flat,gray,none,close,white,enlarging,two,urban,several,poisonous
S0538,convex,gray,anise,crowded,white,tapering,one,woods,solitary,edible
S0539,convex,brown,none,close,white,enlarging,one,grasses,abundant,edible
S0540,flat,white,none,close,pink,tapering,one,woods,several,poisonous
S0541,convex,brown,none,close,brown,tapering,one,leaves,scattered,poisonous
S0542,convex,red,none,close,black,enlarging,none,paths,solitary,poisonous
S0543,bell,gray,almond,close,black,enlarging,one,woods,several,edible
S0544,convex,brown,pungent,crowded,brown,tapering,none,woods,scattered,poisonous
S0545,bell,brown,anise,crowded,black,enlarging,one,woods,solitary,edible
S0546,convex,brown,none,close,pink,tapering,one,grasses,several,poisonous
S0547,bell,red,none,close,white,tapering,none,paths,several,poisonous
S0548,flat,yellow,anise,crowded,white,enlarging,one,grasses,several,poisonous
S0549,flat,brown,pungent,crowded,black,tapering,two,grasses,solitary,poisonous
S0550,convex,brown,foul,close,white,tapering,one,grasses,scattered,poisonous
S0551,bell,white,none,close,black,enlarging,one,grasses,scattered,poisonous
S0552,convex,gray,fishy,close,brown,tapering,one,grasses,several,poisonous
S0553,flat,gray,almond,crowded,white,tapering,one,paths,abundant,edible
S0554,convex,gray,none,close,green,tapering,two,grasses,abundant,poisonous
S0555,knobbed,brown,almond,close,pink,tapering,one,grasses,several,edible
S0556,flat,gray,anise,close,white,tapering,one,leaves,abundant,edible
S0557,flat,brown,foul,distant,pink,enlarging,one,grasses,scattered,poisonous
S0558,flat,gray,fishy,crowded,brown,enlarging,one,grasses,several,poisonous
S0559,convex,brown,none,close,black,enlarging,one,urban,solitary,edible
S0560,flat,gray,none,distant,pink,enlarging,none,urban,scattered,poisonous
S0561,bell,white,almond,close,pink,enlarging,one,woods,several,edible
S0562,flat,brown,anise,close,white,tapering,one,woods,scattered,edible
S0563,flat,gray,none,close,pink,tapering,one,grasses,several,edible
S0564,convex,brown,anise,close,white,enlarging,two,grasses,scattered,edible
S0565,knobbed,white,none,crowded,pink,tapering,one,grasses,several,poisonous
S0566,convex,gray,none,crowded,black,tapering,one,woods,several,poisonous
S0567,flat,white,foul,crowded,pink,tapering,one,grasses,several,poisonous
S0568,bell,brown,foul,crowded,white,enlarging,one,paths,several,poisonous
S0569,convex,brown,foul,crowded,black,enlarging,two,grasses,solitary,poisonous
S0570,flat,brown,fishy,close,black,enlarging,one,paths,several,poisonous
S0571,flat,brown,anise,distant,black,enlarging,one,urban,several,edible
S0572,flat,brown,foul,close,pink,enlarging,one,urban,solitary,poisonous
S0573,flat,gray,none,close,black,enlarging,one,grasses,several,poisonous
S0574,flat,brown,none,close,pink,enlarging,none,grasses,several,poisonous
S0575,bell,red,pungent,distant,white,tapering,one,urban,several,poisonous
S0576,flat,white,almond,crowded,black,tapering,one,grasses,solitary,edible
S0577,flat,brown,almond,close,white,enlarging,one,grasses,scattered,edible
S0578,convex,brown,none,close,white,tapering,two,grasses,several,poisonous
S0579,flat,yellow,fishy,close,brown,enlarging,two,woods,solitary,poisonous
S0580,bell,brown,none,crowded,black,tapering,one,urban,abundant,poisonous
S0581,flat,white,none,distant,white,tapering,one,grasses,abundant,poisonous
S0582,flat,white,none,close,black,enlarging,one,paths,solitary,edible
S0583,knobbed,gray,none,close,black,tapering,two,grasses,scattered,edible
S0584,flat,gray,none,close,pink,enlarging,one,grasses,scattered,poisonous
S0585,knobbed,red,anise,close,green,tapering,two,urban,several,edible
S0586,convex,yellow,foul,close,green,enlarging,one,urban,scattered,poisonous
S0587,flat,red,none,distant,black,enlarging,none,paths,several,poisonous
S0588,knobbed,gray,almond,close,pink,tapering,one,leaves,solitary,edible
S0589,flat,white,anise,close,black,tapering,two,grasses,several,poisonous
S0590,convex,brown,pungent,close,brown,tapering,one,woods,several,poisonous
S0591,bell,white,anise,close,black,enlarging,one,woods,several,edible
S0592,convex,brown,none,distant,black,tapering,one,woods,abundant,edible
S0593,bell,white,none,close,pink,tapering,one,paths,scattered,edible
S0594,flat,white,none,close,black,enlarging,one,woods,solitary,edible
S0595,flat,gray,none,close,black,enlarging,one,woods,scattered,poisonous
S0596,convex,yellow,anise,crowded,brown,enlarging,one,leaves,scattered,edible
S0597,flat,brown,almond,close,pink,enlarging,two,urban,solitary,edible
S0598,bell,white,anise,close,black,tapering,one,leaves,scattered,edible
S0599,convex,white,none,distant,white,enlarging,one,woods,abundant,edible
S0600,flat,white,foul,close,pink,enlarging,one,leaves,abundant,poisonous
